ID,InService,FromMW,ToMW,FromMVAr,ToMVAr,fmwpu,tmwpu,fvraw,tvraw
tw-3-24-2,TRUE,-205.2322336043,206.3215697488,26.4700953431,13.2669927116,-2.052322336,2.0632156975,0.2647009534,0.1326699271
tw-9-11-2,TRUE,-97.1054405243,97.3347561834,-7.0937718146,15.4588082483,-0.9710544052,0.9733475618,-0.0709377181,0.1545880825
tw-9-12-2,TRUE,-104.1603472137,104.4509756637,-34.1328086698,44.7344290872,-1.0416034721,1.0445097566,-0.3413280867,0.4473442909
tw-10-11-2,TRUE,-140.1959892188,140.6840807895,47.5012684709,-29.6965368254,-1.4019598922,1.4068408079,0.4750126847,-0.2969653683
tw-10-12-2,TRUE,-148.5031617298,149.0029640845,19.591183353,-1.3592626779,-1.4850316173,1.4900296408,0.1959118335,-0.0135926268
